transaction_id,transaction_date,total_money,status,customer_id,order_id
0,2024-11-13,1052000.0,completed,1,0
1,2024-10-04,2035000.0,completed,3,1
2,2024-09-10,17844000.0,completed,2,2
3,2024-11-11,3936000.0,completed,3,3
4,2024-09-23,1308000.0,completed,3,4
5,2024-10-20,635000.0,completed,2,5
6,2024-09-20,2934000.0,completed,4,6
7,2024-11-13,6612000.0,completed,3,7
8,2024-09-07,2376900.0,completed,4,8
9,2024-08-18,5763000.0,completed,2,9
10,2024-11-11,21190000.0,completed,4,10
11,2024-10-03,6630000.0,failed,3,11
12,2024-11-11,18777000.0,completed,3,12
13,2024-10-15,4158000.0,completed,3,13
14,2024-11-09,1052000.0,completed,4,14
15,2024-11-13,7347000.0,completed,1,15
16,2024-11-03,1811000.0,failed,3,16
17,2024-11-13,25806000.0,completed,4,17
18,2024-11-05,1785000.0,failed,2,18
19,2024-11-11,3240000.0,completed,4,19
20,2024-11-02,6924000.0,completed,1,20
21,2024-11-13,3764850.0,completed,2,21
22,2024-10-31,1331000.0,completed,4,22
23,2024-11-12,4176000.0,completed,2,23
24,2024-11-12,47658000.0,completed,2,24
25,2024-11-01,297000.0,completed,2,25
26,2024-11-01,8508000.0,completed,3,26
27,2024-11-08,1234000.0,completed,3,27
28,2024-11-11,4176000.0,completed,4,28
29,2024-11-13,1163000.0,completed,2,29
30,2024-11-10,1418000.0,completed,4,30
31,2024-09-07,4890000.0,completed,4,31
32,2024-08-12,1316700.0,failed,1,32
33,2024-10-05,2698000.0,failed,4,33
34,2024-09-09,31770000.0,completed,3,34
35,2024-06-07,5292000.0,completed,4,35
36,2024-11-12,4335000.0,completed,3,36
37,2024-10-30,34118000.0,completed,1,37
38,2024-08-30,993000.0,completed,4,38
39,2024-10-25,5851000.0,failed,3,39
40,2024-11-05,1653000.0,completed,4,40
41,2024-11-12,1630000.0,completed,3,41
42,2024-11-01,1272000.0,completed,2,42
43,2024-11-06,3260000.0,completed,1,43
44,2024-11-12,749000.0,failed,1,44
45,2024-11-11,903000.0,completed,4,45
46,2024-08-24,53763000.0,completed,3,46
47,2024-08-08,4008000.0,failed,1,47
48,2024-10-01,1578000.0,completed,2,48
49,2024-10-12,1555000.0,failed,1,49
50,2024-11-05,2297000.0,completed,4,50
51,2024-10-27,13634000.0,completed,3,51
52,2024-06-16,2004000.0,completed,4,52
53,2024-07-07,1712000.0,completed,1,53
54,2024-11-03,5890000.0,completed,1,54
55,2024-09-20,2541000.0,failed,2,55
56,2024-11-13,4564000.0,completed,3,56
57,2024-10-31,10286000.0,completed,2,57
58,2024-09-29,3452000.0,completed,4,58
59,2024-11-12,5397000.0,completed,3,59
60,2024-09-14,1578000.0,completed,1,60
61,2024-09-14,4044000.0,completed,4,61
62,2024-11-05,796000.0,completed,4,62
63,2024-06-30,6015000.0,completed,2,63
64,2024-10-05,6220000.0,completed,1,64
65,2024-11-12,6414000.0,completed,1,65
66,2024-10-09,2170000.0,completed,4,66
67,2024-09-08,18382000.0,completed,4,67
68,2024-08-02,19482000.0,completed,4,68
69,2024-08-10,2339000.0,completed,3,69
70,2024-11-07,647000.0,completed,1,70
71,2024-08-22,5841000.0,completed,1,71
72,2024-06-24,2412000.0,completed,4,72
73,2024-03-17,2658000.0,failed,1,73
74,2024-11-12,4110000.0,completed,1,74
75,2024-11-13,3024800.0,completed,2,75
76,2024-11-13,1690200.0,completed,4,76
77,2024-08-04,1630000.0,completed,4,77
78,2024-11-12,3909000.0,completed,2,78
79,2024-10-31,4821000.0,completed,1,79
80,2024-10-18,9165000.0,failed,2,80
81,2024-11-08,2169000.0,completed,1,81
82,2024-07-10,1302000.0,completed,3,82
83,2024-11-13,3340000.0,completed,1,83
84,2024-10-04,2037000.0,completed,4,84
85,2024-11-02,6717000.0,completed,1,85
86,2024-11-12,5673000.0,completed,3,86
87,2024-11-12,1833000.0,completed,2,87
88,2024-08-26,5900000.0,completed,3,88
89,2024-11-09,3260000.0,completed,4,89
90,2024-10-01,1692900.0,completed,2,90
91,2024-10-20,3651000.0,completed,2,91
92,2024-10-22,7986000.0,completed,3,92
93,2024-08-21,5067000.0,failed,4,93
94,2024-10-23,526000.0,failed,1,94
95,2024-11-02,2204000.0,completed,4,95
96,2024-09-26,2934000.0,completed,1,96
97,2024-09-15,3178000.0,completed,4,97
98,2024-11-08,526000.0,completed,4,98
99,2024-10-02,2990000.0,completed,3,99
100,2024-10-11,8127000.0,completed,2,100
101,2024-11-02,526000.0,completed,4,101
102,2024-10-30,526000.0,completed,4,102
103,2024-07-27,2463000.0,completed,3,103
104,2024-11-04,818000.0,completed,3,104
105,2024-09-30,556000.0,completed,2,105
106,2024-11-03,4344000.0,completed,1,106
107,2024-09-02,3334000.0,completed,3,107
108,2024-10-20,1295000.0,completed,2,108
109,2024-10-19,1326000.0,completed,2,109
110,2024-11-12,803000.0,completed,2,110
111,2024-11-13,2264000.0,completed,2,111
112,2024-11-12,2496000.0,completed,4,112
113,2024-08-19,10590000.0,completed,4,113
114,2024-08-16,47882850.0,completed,3,114
115,2024-11-12,9153000.0,completed,1,115
116,2024-09-24,1378000.0,completed,1,116
117,2024-09-22,7413000.0,completed,2,117
118,2024-11-13,61868000.0,completed,4,118
119,2024-09-14,8247000.0,completed,1,119
120,2024-10-14,8382000.0,completed,4,120
121,2024-11-06,526000.0,completed,2,121
122,2024-11-01,2775000.0,completed,4,122
123,2024-11-02,1791000.0,completed,3,123
124,2024-10-17,37316000.0,completed,4,124
125,2024-10-31,3342000.0,failed,1,125
126,2024-11-10,6578000.0,completed,1,126
127,2024-10-05,749000.0,completed,2,127
128,2024-09-30,33360000.0,completed,1,128
129,2024-08-31,4125000.0,completed,1,129
130,2024-11-08,2454000.0,completed,3,130
131,2024-11-06,44364000.0,completed,1,131
132,2024-09-06,1336000.0,completed,4,132
133,2024-08-10,1850000.0,completed,1,133
134,2024-06-08,1613000.0,completed,3,134
135,2024-09-12,2795850.0,failed,1,135
136,2024-09-06,2510000.0,completed,2,136
137,2024-09-13,4176000.0,completed,4,137
138,2024-09-12,4248000.0,failed,4,138
139,2024-11-05,5656300.0,completed,2,139
140,2024-07-30,4344000.0,completed,2,140
141,2024-11-06,3834000.0,failed,3,141
142,2024-10-07,27573000.0,completed,3,142
143,2024-11-08,9414000.0,completed,4,143
144,2024-09-25,5331000.0,completed,1,144
145,2024-11-12,1207450.0,failed,4,145
146,2024-07-27,4125000.0,completed,2,146
147,2024-09-07,1578000.0,completed,4,147
148,2024-11-03,4248000.0,completed,4,148
149,2024-09-10,1564000.0,completed,3,149
150,2024-10-19,7488000.0,completed,2,150
151,2024-11-06,6417000.0,completed,2,151
152,2024-08-27,3939000.0,completed,3,152
153,2024-10-05,399000.0,completed,3,153
154,2024-09-28,1586000.0,completed,4,154
155,2024-11-10,526000.0,completed,3,155
156,2024-09-04,23146000.0,completed,1,156
157,2024-08-13,1630000.0,completed,4,157
158,2024-10-02,3267000.0,completed,4,158
159,2024-11-13,3260000.0,completed,1,159
160,2024-11-10,3288000.0,failed,3,160
161,2024-10-24,3243000.0,completed,2,161
162,2024-09-28,526000.0,completed,2,162
163,2024-05-12,10710000.0,completed,3,163
164,2024-11-13,5601000.0,failed,2,164
165,2024-07-29,1454000.0,completed,2,165
166,2024-10-28,2670000.0,completed,1,166
167,2024-10-20,28363500.0,completed,4,167
168,2024-11-13,5210000.0,completed,4,168
169,2024-09-12,2852000.0,completed,3,169
170,2024-11-12,6330000.0,completed,3,170
171,2024-06-19,1498000.0,completed,1,171
172,2024-11-04,12207000.0,completed,4,172
173,2024-10-24,9614000.0,failed,2,173
174,2024-10-16,3489000.0,completed,3,174
175,2024-09-19,2330000.0,completed,2,175
176,2024-06-19,2775000.0,failed,3,176
177,2024-06-11,9984000.0,failed,1,177
178,2024-06-23,1192250.0,completed,1,178
179,2024-07-30,98184000.0,completed,2,179
180,2024-11-08,2154000.0,completed,3,180
181,2024-11-11,3090350.0,failed,2,181
182,2024-08-29,685000.0,failed,2,182
183,2024-11-13,1101000.0,completed,1,183
184,2024-11-12,2552000.0,completed,3,184
185,2024-07-25,526000.0,completed,3,185
186,2024-11-07,8247000.0,completed,4,186
187,2024-11-08,7500000.0,completed,4,187
188,2024-11-11,1578000.0,completed,2,188
189,2024-11-13,718000.0,completed,2,189
190,2024-11-04,5691000.0,completed,2,190
191,2024-10-17,5294000.0,completed,3,191
192,2024-07-09,2346000.0,completed,1,192
193,2024-11-08,3243000.0,completed,4,193
194,2024-11-04,1190000.0,completed,1,194
195,2024-10-09,5948000.0,failed,3,195
196,2024-11-06,4890000.0,completed,3,196
197,2024-10-25,6942000.0,completed,3,197
198,2024-09-08,676000.0,completed,2,198
199,2024-07-30,1578000.0,completed,4,199
200,2024-11-11,2577000.0,completed,4,200
201,2024-09-26,4890000.0,completed,2,201
202,2024-11-12,5181300.0,completed,3,202
203,2024-10-30,668000.0,completed,4,203
204,2024-10-15,526000.0,completed,3,204
205,2024-06-14,1548000.0,completed,3,205
206,2024-11-11,3951000.0,completed,4,206
207,2024-09-29,6228000.0,failed,3,207
208,2024-10-06,3392000.0,completed,2,208
209,2024-11-07,5655000.0,completed,3,209
210,2024-11-13,1336000.0,completed,4,210
211,2024-10-14,5457000.0,failed,3,211
212,2024-11-13,2100000.0,failed,3,212
213,2024-11-12,1658000.0,completed,3,213
214,2024-11-13,1578000.0,completed,2,214
215,2024-11-13,6503700.0,completed,4,215
216,2024-11-10,3622000.0,completed,2,216
217,2024-09-02,4878000.0,completed,2,217
218,2024-06-03,4248000.0,completed,1,218
219,2024-10-02,4838000.0,completed,2,219
220,2024-11-06,2268000.0,completed,4,220
221,2024-04-30,5766000.0,completed,2,221
222,2024-11-04,31779000.0,failed,2,222
223,2024-11-13,7764000.0,completed,4,223
224,2024-10-19,1348000.0,completed,1,224
225,2024-10-21,3260000.0,completed,3,225
226,2024-08-03,1055700.0,completed,3,226
227,2024-11-07,1416000.0,completed,4,227
228,2024-10-12,1214000.0,completed,2,228
229,2024-08-31,3260000.0,completed,1,229
230,2024-10-09,3542000.0,completed,2,230
231,2024-10-26,2887200.0,completed,2,231
232,2024-10-20,1278000.0,completed,3,232
233,2024-11-07,4238000.0,completed,1,233
234,2024-09-23,3700000.0,completed,1,234
235,2024-11-02,2427250.0,completed,4,235
236,2024-11-13,2942000.0,completed,3,236
237,2024-10-29,1139000.0,completed,3,237
238,2024-06-21,4284000.0,completed,3,238
239,2024-11-08,8991000.0,completed,1,239
240,2024-11-04,1962000.0,completed,4,240
241,2024-10-21,8739000.0,completed,4,241
242,2024-11-10,1113000.0,completed,2,242
243,2024-11-13,8721000.0,failed,1,243
244,2024-11-11,11918000.0,failed,3,244
245,2024-07-22,1665000.0,failed,2,245
246,2024-10-18,2088000.0,completed,3,246
247,2024-09-29,4398000.0,completed,2,247
248,2024-10-19,940000.0,completed,1,248
249,2024-10-23,1183000.0,completed,2,249
250,2024-08-04,1756000.0,completed,4,250
251,2024-07-15,526000.0,failed,1,251
252,2024-10-21,1630000.0,completed,2,252
253,2024-09-05,2178000.0,completed,2,253
254,2024-11-12,1234000.0,completed,2,254
255,2024-07-29,1728000.0,completed,3,255
256,2024-11-11,1070000.0,completed,2,256
257,2024-11-09,4815000.0,completed,4,257
258,2024-11-13,2274000.0,completed,1,258
259,2024-06-13,43650000.0,completed,1,259
260,2024-10-13,5528000.0,completed,3,260
261,2024-11-07,798000.0,failed,2,261
262,2024-09-20,1630000.0,failed,2,262
263,2024-11-13,1014000.0,completed,4,263
264,2024-08-17,12631000.0,completed,1,264
265,2024-09-22,5862000.0,completed,4,265
266,2024-11-09,6906000.0,failed,1,266
267,2024-11-08,526000.0,completed,2,267
268,2024-10-12,3700000.0,completed,3,268
269,2024-09-20,4071000.0,failed,2,269
270,2024-04-21,3084000.0,failed,1,270
271,2024-11-12,3465600.0,completed,1,271
272,2024-09-14,526000.0,completed,3,272
273,2024-10-20,4863000.0,completed,3,273
274,2024-09-23,1275000.0,completed,1,274
275,2024-10-27,5382000.0,completed,3,275
276,2024-10-16,69006000.0,completed,1,276
277,2024-11-12,3424000.0,completed,2,277
278,2024-10-07,2786000.0,completed,2,278
279,2024-11-06,53763000.0,completed,4,279
280,2024-11-09,1585000.0,completed,1,280
281,2024-11-04,5240000.0,failed,2,281
282,2024-09-01,609000.0,completed,3,282
283,2024-11-04,3734000.0,completed,1,283
284,2024-11-01,2714000.0,completed,3,284
285,2024-11-09,2128000.0,completed,1,285
286,2024-09-25,671000.0,completed,1,286
287,2024-11-01,4119200.0,completed,1,287
288,2024-11-13,6507000.0,completed,2,288
289,2024-10-11,17688000.0,completed,2,289
290,2024-08-25,3084000.0,completed,2,290
291,2024-11-06,39891000.0,completed,1,291
292,2024-09-26,2170000.0,completed,4,292
293,2024-11-01,4980000.0,completed,2,293
294,2024-11-08,2896000.0,completed,4,294
295,2024-11-09,2192000.0,completed,1,295
296,2024-11-12,2410000.0,completed,3,296
297,2024-07-18,1446000.0,completed,3,297
298,2024-11-11,3048000.0,completed,1,298
299,2024-11-06,2502000.0,completed,4,299
300,2024-10-26,2514000.0,completed,1,300
301,2024-09-18,3114000.0,failed,4,301
302,2024-10-15,54219000.0,completed,4,302
303,2024-11-11,1899000.0,failed,1,303
304,2024-10-15,2388000.0,completed,3,304
305,2024-10-26,526000.0,completed,3,305
306,2024-09-24,1017000.0,completed,1,306
307,2024-10-28,473400.0,completed,4,307
308,2024-11-12,7900200.0,completed,2,308
309,2024-09-09,655000.0,completed,2,309
310,2024-09-03,617000.0,completed,1,310
311,2024-11-12,1630000.0,completed,4,311
312,2024-10-27,7140000.0,completed,1,312
313,2024-11-02,5704000.0,completed,1,313
314,2024-07-17,1052000.0,completed,1,314
315,2024-10-28,12021300.0,completed,2,315
316,2024-06-27,1578000.0,completed,4,316
317,2024-05-02,1630000.0,completed,4,317
318,2024-06-16,4131000.0,completed,1,318
319,2024-10-14,1052000.0,completed,3,319
320,2024-10-02,3888000.0,completed,2,320
321,2024-10-09,676000.0,completed,1,321
322,2024-11-04,3369000.0,completed,3,322
323,2024-11-10,1413000.0,completed,1,323
324,2024-11-08,3270000.0,completed,1,324
325,2024-11-03,1836000.0,completed,4,325
326,2024-07-20,2566000.0,completed,3,326
327,2024-09-10,3753000.0,completed,2,327
328,2024-11-04,7785000.0,completed,2,328
329,2024-10-26,2484000.0,failed,2,329
330,2024-09-12,1475000.0,completed,3,330
331,2024-10-13,1827000.0,completed,2,331
332,2024-11-05,12366000.0,completed,3,332
333,2024-08-17,4053000.0,completed,2,333
334,2024-10-16,2764000.0,failed,2,334
335,2024-05-12,1564000.0,completed,2,335
336,2024-09-20,2820000.0,completed,1,336
337,2024-11-05,53064000.0,completed,2,337
338,2024-09-14,4089000.0,completed,4,338
339,2024-11-09,2872000.0,completed,4,339
340,2024-09-07,2163600.0,completed,4,340
341,2024-10-25,3260000.0,completed,3,341
342,2024-10-06,30594000.0,completed,4,342
343,2024-11-13,612000.0,completed,2,343
344,2024-11-04,5458000.0,completed,4,344
345,2024-11-10,1763100.0,completed,3,345
346,2024-11-10,1272000.0,completed,3,346
347,2024-05-26,8991000.0,completed,1,347
348,2024-11-06,756000.0,completed,4,348
349,2024-11-11,903000.0,completed,2,349
350,2024-09-23,4890000.0,completed,3,350
351,2024-10-18,2604000.0,failed,4,351
352,2024-10-17,53064000.0,completed,4,352
353,2024-11-11,2968000.0,completed,4,353
354,2024-10-25,1394000.0,completed,2,354
355,2024-11-09,3592000.0,completed,4,355
356,2024-10-31,908000.0,completed,3,356
357,2024-10-27,4722000.0,completed,2,357
358,2024-11-12,35199000.0,completed,1,358
359,2024-05-18,75806000.0,failed,4,359
360,2024-10-22,655000.0,completed,2,360
361,2024-10-28,1003000.0,completed,4,361
362,2024-10-08,46004000.0,completed,2,362
363,2024-10-16,1453000.0,completed,2,363
364,2024-10-23,1620000.0,completed,4,364
365,2024-10-03,2170000.0,failed,2,365
366,2024-11-01,12073000.0,completed,3,366
367,2024-06-17,830000.0,completed,2,367
368,2024-06-18,1525000.0,failed,4,368
369,2024-06-15,932000.0,completed,4,369
370,2024-10-28,526000.0,completed,3,370
371,2024-11-10,15877000.0,completed,3,371
372,2024-09-20,3009000.0,completed,4,372
373,2024-10-29,1512000.0,completed,4,373
374,2024-10-25,1318000.0,failed,1,374
375,2024-10-31,2308000.0,completed,2,375
376,2024-11-13,5331000.0,completed,3,376
377,2024-11-10,2762000.0,failed,4,377
378,2024-11-03,65805000.0,completed,2,378
379,2024-11-09,1290000.0,completed,3,379
380,2024-11-10,3097000.0,failed,2,380
381,2024-07-28,1782000.0,completed,1,381
382,2024-08-26,2151900.0,completed,1,382
383,2024-11-02,2337000.0,completed,3,383
384,2024-10-03,19692000.0,completed,1,384
385,2024-11-13,3484000.0,completed,1,385
386,2024-11-07,2550000.0,completed,1,386
387,2024-11-13,609000.0,completed,4,387
388,2024-11-05,950000.0,completed,3,388
389,2024-09-24,5901000.0,completed,3,389
390,2024-08-17,42744000.0,completed,2,390
391,2024-09-01,1780000.0,completed,3,391
392,2024-05-09,1428000.0,completed,1,392
393,2024-11-05,516000.0,completed,2,393
394,2024-10-31,3141000.0,completed,3,394
395,2024-10-29,4186000.0,completed,3,395
396,2024-08-25,2820000.0,completed,2,396
397,2024-11-03,706000.0,completed,1,397
398,2024-08-07,2391000.0,completed,3,398
399,2024-09-02,49674000.0,completed,1,399
400,2024-10-21,744000.0,completed,4,400
401,2024-11-13,2004000.0,completed,1,401
402,2024-11-01,3729000.0,completed,1,402
403,2024-10-26,3260000.0,completed,3,403
404,2024-09-19,2010600.0,completed,4,404
405,2024-04-30,8127000.0,failed,3,405
406,2024-03-04,20256000.0,failed,2,406
407,2024-09-21,4838000.0,failed,3,407
408,2024-11-12,17748000.0,completed,1,408
409,2024-11-05,1340000.0,completed,4,409
410,2024-10-12,3164000.0,completed,1,410
411,2024-10-16,4536000.0,completed,4,411
412,2024-11-07,3136000.0,completed,2,412
413,2024-10-06,1163000.0,completed,3,413
414,2024-10-08,9036000.0,failed,1,414
415,2024-11-12,1720000.0,completed,4,415
416,2024-08-08,526000.0,completed,3,416
417,2024-10-15,17994000.0,completed,3,417
418,2024-07-22,4276000.0,completed,4,418
419,2024-10-07,8904000.0,completed,1,419
420,2024-11-09,12881700.0,completed,4,420
421,2024-11-04,612000.0,completed,2,421
422,2024-05-02,1941000.0,completed,4,422
423,2024-09-20,2946600.0,completed,3,423
424,2024-10-08,6220000.0,completed,2,424
425,2024-05-16,1574000.0,completed,3,425
426,2024-10-30,2483000.0,failed,3,426
427,2024-11-11,1682000.0,completed,2,427
428,2024-10-24,4326000.0,failed,2,428
429,2024-10-03,1234000.0,completed,4,429
430,2024-10-17,5550000.0,completed,4,430
431,2024-11-05,3440000.0,completed,4,431
432,2024-10-24,1850000.0,completed,1,432
433,2024-11-07,615000.0,completed,2,433
434,2024-11-13,22850000.0,completed,3,434
435,2024-10-21,16485000.0,failed,3,435
436,2024-06-01,2943000.0,completed,2,436
437,2024-04-29,5588000.0,completed,3,437
438,2024-11-13,1052000.0,completed,4,438
439,2024-09-27,3366000.0,completed,3,439
440,2024-11-13,2662000.0,completed,2,440
441,2024-11-10,5724000.0,completed,2,441
442,2024-11-11,2397000.0,failed,2,442
443,2024-10-13,5308600.0,completed,1,443
444,2024-11-13,3548000.0,failed,1,444
445,2024-10-24,1665000.0,completed,1,445
446,2024-11-03,526000.0,completed,3,446
447,2024-11-04,1578000.0,completed,3,447
448,2024-03-21,1827000.0,completed,3,448
449,2024-08-30,2487000.0,completed,4,449
450,2024-08-24,1548000.0,completed,3,450
451,2024-11-03,4796000.0,completed,1,451
452,2024-09-08,2445000.0,completed,4,452
453,2024-11-09,5224000.0,completed,1,453
454,2024-09-20,1578000.0,completed,4,454
455,2024-11-12,1821000.0,completed,1,455
456,2024-09-03,2115000.0,completed,3,456
457,2024-11-10,5649000.0,completed,4,457
458,2024-09-29,526000.0,completed,4,458
459,2024-11-07,1448000.0,completed,1,459
460,2024-11-05,1457000.0,completed,2,460
461,2024-11-13,6774000.0,failed,3,461
462,2024-10-05,5457000.0,completed,3,462
463,2024-05-25,2560000.0,completed,2,463
464,2024-06-22,15960950.0,failed,3,464
465,2024-07-09,2952000.0,completed,4,465
466,2024-10-16,847000.0,failed,1,466
467,2024-05-19,2471000.0,completed,3,467
468,2024-11-09,80470000.0,completed,2,468
469,2024-11-08,4465800.0,completed,4,469
470,2024-08-07,1833000.0,completed,1,470
471,2024-10-31,1197000.0,completed,3,471
472,2024-10-28,8496000.0,failed,3,472
473,2024-11-08,17059000.0,completed,2,473
474,2024-09-10,2078000.0,completed,4,474
475,2024-10-24,17748000.0,completed,2,475
476,2024-11-13,697000.0,completed,2,476
477,2024-11-04,6576000.0,completed,3,477
478,2024-09-02,2080000.0,completed,1,478
479,2024-05-22,1578000.0,completed,2,479
480,2024-11-06,1920000.0,failed,2,480
481,2024-10-19,3260000.0,completed,2,481
482,2024-11-10,1340000.0,completed,1,482
483,2024-08-20,1563000.0,completed,1,483
484,2024-09-27,2142000.0,completed,1,484
485,2024-08-12,4260000.0,failed,1,485
486,2024-11-08,2852000.0,completed,3,486
487,2024-09-25,1029000.0,completed,3,487
488,2024-08-01,1214000.0,completed,3,488
489,2024-10-25,4838000.0,completed,2,489
490,2024-11-09,5154000.0,completed,4,490
491,2024-11-11,5673000.0,completed,2,491
492,2024-09-10,796000.0,completed,3,492
493,2024-11-03,2613600.0,completed,1,493
494,2024-04-28,2168000.0,completed,3,494
495,2024-11-07,2223000.0,completed,3,495
496,2024-11-13,50664000.0,completed,2,496
497,2024-10-18,782800.0,completed,4,497
498,2024-11-02,1378000.0,completed,2,498
499,2024-11-10,2137500.0,completed,1,499
500,2024-07-25,661000.0,completed,3,500
501,2024-10-31,1094400.0,completed,3,501
502,2024-11-05,3734000.0,completed,4,502
503,2024-10-23,940000.0,completed,3,503
504,2024-07-27,1578000.0,failed,2,504
505,2024-10-13,2424000.0,failed,4,505
506,2024-08-03,3260000.0,completed,2,506
507,2024-10-05,1622000.0,completed,4,507
508,2024-09-03,2154000.0,completed,2,508
509,2024-11-01,1474000.0,completed,3,509
510,2024-06-03,5682000.0,completed,4,510
511,2024-09-06,2354400.0,completed,4,511
512,2024-10-30,5702000.0,completed,3,512
513,2024-09-15,2140000.0,completed,1,513
514,2024-09-10,3949000.0,completed,2,514
515,2024-11-04,47882850.0,completed,4,515
516,2024-06-07,526000.0,completed,3,516
517,2024-11-10,5278000.0,completed,3,517
518,2024-09-25,1593000.0,completed,4,518
519,2024-10-11,1085000.0,completed,2,519
520,2024-09-21,55680000.0,failed,3,520
521,2024-05-02,1052000.0,failed,2,521
522,2024-10-15,1392000.0,completed,3,522
523,2024-09-16,25896000.0,completed,3,523
524,2024-11-11,4017000.0,completed,3,524
525,2024-08-07,1348000.0,completed,4,525
526,2024-06-17,1499100.0,failed,1,526
527,2024-09-17,9312000.0,completed,3,527
528,2024-11-08,17059000.0,completed,4,528
529,2024-09-17,4404000.0,completed,1,529
530,2024-09-24,1992000.0,completed,4,530
531,2024-11-04,1614600.0,completed,1,531
532,2024-08-30,1192250.0,completed,4,532
533,2024-08-19,14150000.0,completed,1,533
534,2024-11-09,1554000.0,failed,1,534
535,2024-07-22,1284000.0,completed,4,535
536,2024-10-27,2049000.0,failed,1,536
537,2024-11-02,4152450.0,completed,3,537
538,2024-08-25,1582000.0,completed,4,538
539,2024-10-05,1084000.0,completed,3,539
540,2024-10-04,2204000.0,completed,4,540
541,2024-08-17,12319000.0,completed,3,541
542,2024-10-09,5319000.0,completed,1,542
543,2024-09-16,3800000.0,failed,4,543
544,2024-11-07,1947000.0,completed,1,544
545,2024-11-11,3492000.0,completed,4,545
546,2024-11-12,1578000.0,completed,1,546
547,2024-10-17,4338000.0,completed,4,547
548,2024-11-07,526000.0,completed,2,548
549,2024-11-10,4992000.0,completed,1,549
550,2024-09-07,5546000.0,completed,3,550
551,2024-09-27,5001000.0,failed,3,551
552,2024-08-28,4592000.0,completed,3,552
553,2024-09-02,3984000.0,completed,3,553
554,2024-09-05,3912000.0,completed,3,554
555,2024-08-31,5340000.0,completed,4,555
556,2024-09-30,2282000.0,completed,2,556
557,2024-10-26,12963000.0,completed,4,557
558,2024-09-08,23910000.0,completed,4,558
559,2024-08-19,5073000.0,completed,3,559
560,2024-10-27,31526000.0,completed,1,560
561,2024-09-21,5601000.0,completed,2,561
562,2024-10-04,2840000.0,completed,2,562
563,2024-09-04,7596000.0,completed,3,563
564,2024-09-23,1962000.0,completed,1,564
565,2024-09-24,1640000.0,failed,3,565
566,2024-10-23,50664000.0,completed,3,566
567,2024-10-29,1819000.0,completed,4,567
568,2024-10-20,685000.0,completed,3,568
569,2024-09-21,7801000.0,completed,1,569
570,2024-10-07,3148000.0,completed,1,570
571,2024-07-24,4926000.0,completed,4,571
572,2024-09-17,1777000.0,completed,3,572
573,2024-10-04,985000.0,completed,4,573
574,2024-09-05,3376000.0,completed,2,574
575,2024-09-09,2950000.0,completed,1,575
576,2024-11-13,1894000.0,completed,1,576
577,2024-11-04,2943000.0,completed,4,577
578,2024-10-27,13272000.0,completed,3,578
579,2024-11-13,3560000.0,completed,1,579
580,2024-10-08,3588000.0,completed,1,580
581,2024-10-22,1328000.0,completed,1,581
582,2024-11-12,5166000.0,completed,2,582
583,2024-07-19,2618000.0,completed,4,583
584,2024-08-05,526000.0,completed,1,584
585,2024-10-19,6024900.0,completed,3,585
586,2024-09-22,3216000.0,completed,3,586
587,2024-11-10,1052000.0,completed,4,587
588,2024-11-12,10710000.0,completed,4,588
589,2024-10-09,666000.0,completed,2,589
590,2024-08-10,946000.0,failed,1,590
591,2024-11-12,1577000.0,completed,4,591
592,2024-11-11,836950.0,completed,4,592
593,2024-08-23,4605000.0,completed,4,593
594,2024-11-12,706000.0,completed,4,594
595,2024-10-24,741000.0,failed,2,595
596,2024-11-01,2714000.0,completed,1,596
597,2024-10-31,803000.0,completed,4,597
598,2024-11-11,1180000.0,completed,3,598
599,2024-09-12,1926000.0,completed,1,599
600,2024-05-18,1624000.0,completed,3,600
601,2024-08-16,4890000.0,completed,2,601
602,2024-11-08,12206000.0,failed,2,602
603,2024-11-08,4515000.0,completed,2,603
604,2024-11-13,4299000.0,completed,3,604
605,2024-11-13,2211000.0,completed,4,605
606,2024-10-03,2013000.0,completed,3,606
607,2024-09-24,2928000.0,completed,4,607
608,2024-11-13,5528000.0,completed,4,608
609,2024-10-02,824000.0,completed,4,609
610,2024-09-05,1226700.0,completed,4,610
611,2024-10-16,13023000.0,completed,4,611
612,2024-07-25,1230000.0,completed,3,612
613,2024-10-26,18073000.0,completed,4,613
614,2024-11-03,6297000.0,completed,3,614
615,2024-10-24,2925000.0,completed,4,615
616,2024-10-02,6738000.0,completed,3,616
617,2024-11-05,4190000.0,failed,4,617
618,2024-09-25,459000.0,completed,3,618
619,2024-05-27,1811000.0,completed,4,619
620,2024-11-06,9610000.0,completed,1,620
621,2024-07-25,5868000.0,completed,2,621
622,2024-11-13,1226700.0,completed,2,622
623,2024-10-16,1578000.0,completed,1,623
624,2024-11-10,17904000.0,completed,2,624
625,2024-11-11,3424000.0,completed,2,625
626,2024-07-07,891000.0,completed,3,626
627,2024-10-14,5481000.0,completed,4,627
628,2024-10-10,11748000.0,completed,3,628
629,2024-10-29,51177000.0,completed,3,629
630,2024-11-06,5112900.0,completed,2,630
631,2024-10-11,609000.0,completed,4,631
632,2024-10-20,1950000.0,completed,4,632
633,2024-09-27,17103000.0,completed,2,633
634,2024-10-14,3507000.0,failed,4,634
635,2024-09-20,6108000.0,completed,4,635
636,2024-09-20,4422000.0,completed,2,636
637,2024-09-11,526000.0,completed,4,637
638,2024-10-24,6846000.0,completed,1,638
639,2024-10-27,9036000.0,failed,4,639
640,2024-07-20,4686000.0,completed,4,640
641,2024-10-17,3905000.0,completed,3,641
642,2024-07-14,3507000.0,completed,3,642
643,2024-10-27,2079000.0,completed,3,643
644,2024-08-23,2908000.0,completed,1,644
645,2024-11-07,3939000.0,failed,3,645
646,2024-11-02,770000.0,completed,4,646
647,2024-10-10,1052000.0,completed,2,647
648,2024-11-12,3384000.0,completed,1,648
649,2024-11-07,4062000.0,completed,4,649
650,2024-11-11,1630000.0,completed,1,650
651,2024-10-26,4380000.0,completed,1,651
652,2024-11-11,1052000.0,completed,4,652
653,2024-11-11,749000.0,completed,4,653
654,2024-11-13,5604000.0,completed,2,654
655,2024-10-23,1052000.0,completed,1,655
656,2024-11-11,1338000.0,completed,3,656
657,2024-11-06,7329000.0,failed,2,657
658,2024-08-03,1992000.0,completed,1,658
659,2024-08-27,3844000.0,completed,1,659
660,2024-10-28,4188000.0,completed,2,660
661,2024-11-12,10164000.0,failed,4,661
662,2024-08-09,2006000.0,completed,1,662
663,2024-10-01,951300.0,completed,2,663
664,2024-10-27,1363000.0,completed,4,664
665,2024-10-07,1578000.0,completed,1,665
666,2024-10-19,18073000.0,completed,4,666
667,2024-10-15,10812000.0,completed,1,667
668,2024-10-22,808000.0,completed,1,668
669,2024-06-24,7011000.0,completed,1,669
670,2024-11-05,526000.0,failed,4,670
671,2024-10-26,16869000.0,completed,4,671
672,2024-09-02,6126000.0,completed,4,672
673,2024-09-02,1032000.0,completed,2,673
674,2024-10-19,1578000.0,completed,3,674
675,2024-10-05,3087000.0,completed,2,675
676,2024-11-12,2022000.0,completed,4,676
677,2024-11-10,1618800.0,completed,3,677
678,2024-11-05,1578000.0,completed,3,678
679,2024-09-20,1052000.0,completed,1,679
680,2024-10-31,2480000.0,failed,4,680
681,2024-11-10,5240000.0,completed,1,681
682,2024-09-28,46836000.0,completed,2,682
683,2024-10-17,1378000.0,completed,4,683
684,2024-10-23,8811000.0,completed,4,684
685,2024-10-26,1368000.0,completed,4,685
686,2024-09-30,2396000.0,completed,2,686
687,2024-11-10,18144000.0,completed,4,687
688,2024-09-10,5126400.0,completed,2,688
689,2024-09-25,6516000.0,completed,3,689
690,2024-10-05,6803000.0,completed,3,690
691,2024-09-27,473400.0,completed,2,691
692,2024-11-10,15897600.0,completed,3,692
693,2024-11-01,4773000.0,completed,4,693
694,2024-08-08,11817000.0,completed,3,694
695,2024-09-27,10311000.0,completed,1,695
696,2024-11-04,4960000.0,completed,4,696
697,2024-10-08,1992000.0,completed,2,697
698,2024-10-28,4364000.0,completed,2,698
699,2024-10-29,3008000.0,completed,2,699
700,2024-11-12,2648000.0,completed,2,700
701,2024-10-09,2040000.0,completed,2,701
702,2024-07-16,2698000.0,failed,3,702
703,2024-11-10,3908000.0,completed,2,703
704,2024-10-31,2366000.0,completed,1,704
705,2024-11-05,526000.0,completed,2,705
706,2024-10-20,68125000.0,completed,2,706
707,2024-03-28,988000.0,completed,4,707
708,2024-11-13,3260000.0,failed,2,708
709,2024-08-13,6624000.0,completed,4,709
710,2024-11-09,1812000.0,completed,3,710
711,2024-09-11,4017000.0,completed,1,711
712,2024-08-10,1294000.0,failed,3,712
713,2024-10-21,1336000.0,completed,1,713
714,2024-11-03,53766000.0,completed,2,714
715,2024-10-27,3260000.0,completed,1,715
716,2024-09-20,2514000.0,failed,4,716
717,2024-08-04,955000.0,completed,3,717
718,2024-10-22,13635000.0,completed,2,718
719,2024-06-02,2997000.0,completed,1,719
720,2024-10-16,526000.0,failed,3,720
721,2024-10-24,3819000.0,completed,4,721
722,2024-11-13,749000.0,failed,1,722
723,2024-07-30,3237600.0,completed,1,723
724,2024-07-11,526000.0,completed,4,724
725,2024-11-13,4494000.0,completed,3,725
726,2024-04-06,7122000.0,completed,1,726
727,2024-10-25,7854000.0,completed,4,727
728,2024-11-08,4806000.0,completed,1,728
729,2024-09-12,1419000.0,completed,4,729
730,2024-09-20,1325700.0,completed,1,730
731,2024-11-12,1672000.0,completed,4,731
732,2024-10-08,13860000.0,completed,1,732
733,2024-11-05,1364200.0,completed,4,733
734,2024-11-11,3288000.0,completed,3,734
735,2024-11-13,1785000.0,completed,3,735
736,2024-10-14,45700200.0,completed,1,736
737,2024-11-01,855000.0,completed,4,737
738,2024-11-05,21432000.0,completed,2,738
739,2024-10-26,2925000.0,completed,3,739
740,2024-11-09,25100000.0,completed,2,740
741,2024-10-02,3921000.0,completed,4,741
742,2024-10-31,4890000.0,completed,3,742
743,2024-10-12,5458000.0,completed,1,743
744,2024-09-28,3260000.0,completed,1,744
745,2024-09-11,7623000.0,failed,3,745
746,2024-11-13,2001000.0,completed,2,746
747,2024-10-29,1578000.0,completed,4,747
748,2024-08-18,526000.0,completed,3,748
749,2024-11-03,2514000.0,failed,1,749
750,2024-11-04,1578000.0,completed,1,750
751,2024-09-29,2773800.0,completed,2,751
752,2024-07-16,5839000.0,completed,1,752
753,2024-11-11,1578000.0,completed,3,753
754,2024-11-04,1712000.0,completed,2,754
755,2024-10-20,1112000.0,completed,4,755
756,2024-09-03,1852500.0,completed,2,756
757,2024-08-26,6123700.0,completed,4,757
758,2024-09-12,3260000.0,completed,1,758
759,2024-11-02,1806000.0,completed,4,759
760,2024-11-04,3979800.0,completed,4,760
761,2024-11-08,2845000.0,completed,4,761
762,2024-10-30,3988000.0,completed,3,762
763,2024-10-24,664000.0,completed,1,763
764,2024-11-12,5133000.0,failed,1,764
765,2024-10-17,14982000.0,completed,1,765
766,2024-10-09,689000.0,completed,4,766
767,2024-11-07,6244000.0,completed,3,767
768,2024-11-12,3588000.0,completed,2,768
769,2024-11-10,968000.0,completed,2,769
770,2024-08-15,25832400.0,completed,4,770
771,2024-10-29,7128000.0,failed,2,771
772,2024-11-07,23910000.0,completed,2,772
773,2024-05-25,1375000.0,failed,4,773
774,2024-11-06,1616000.0,completed,3,774
775,2024-09-09,1792800.0,failed,2,775
776,2024-08-23,1867000.0,completed,4,776
777,2024-10-31,1052000.0,failed,1,777
778,2024-11-13,4080000.0,failed,3,778
779,2024-11-13,1785000.0,completed,1,779
780,2024-11-04,5820000.0,completed,3,780
781,2024-11-02,7639900.0,completed,4,781
782,2024-09-04,10422000.0,completed,1,782
783,2024-10-27,1712000.0,completed,4,783
784,2024-11-13,3084000.0,completed,3,784
785,2024-11-11,2274000.0,completed,3,785
786,2024-11-07,1578000.0,completed,2,786
787,2024-11-01,3936000.0,completed,3,787
788,2024-10-29,4645500.0,completed,1,788
789,2024-11-11,1052000.0,completed,1,789
790,2024-11-13,1676000.0,completed,3,790
791,2024-10-16,1578000.0,failed,1,791
792,2024-11-03,67206000.0,completed,3,792
793,2024-11-08,697000.0,completed,3,793
794,2024-09-07,2942000.0,completed,1,794
795,2024-11-11,2132000.0,completed,2,795
796,2024-11-10,1359000.0,completed,4,796
797,2024-10-04,1204000.0,completed,1,797
798,2024-08-07,4645500.0,completed,2,798
799,2024-09-26,865000.0,completed,2,799
800,2024-09-03,526000.0,completed,4,800
801,2024-09-16,1260000.0,completed,3,801
802,2024-11-09,526000.0,failed,3,802
803,2024-11-13,7335000.0,completed,2,803
804,2024-11-08,3260000.0,completed,1,804
805,2024-10-29,1052000.0,completed,4,805
806,2024-11-10,10311000.0,completed,4,806
807,2024-08-13,1671000.0,completed,4,807
808,2024-09-22,2286000.0,completed,3,808
809,2024-04-06,499700.0,failed,3,809
810,2024-11-08,2025000.0,completed,1,810
811,2024-11-08,2013000.0,completed,2,811
812,2024-09-03,692000.0,completed,3,812
813,2024-10-28,2052000.0,completed,3,813
814,2024-11-01,8496000.0,completed,1,814
815,2024-11-12,6297000.0,completed,1,815
816,2024-10-20,1433000.0,completed,4,816
817,2024-11-11,15357000.0,completed,3,817
818,2024-05-11,2156000.0,completed,4,818
819,2024-10-01,1630000.0,completed,2,819
820,2024-09-19,5388000.0,completed,1,820
821,2024-11-13,39891000.0,completed,1,821
822,2024-10-27,4576500.0,completed,3,822
823,2024-11-13,1052000.0,completed,2,823
824,2024-09-17,6847600.0,completed,1,824
825,2024-10-09,4908000.0,failed,3,825
826,2024-11-06,1795500.0,completed,2,826
827,2024-08-28,1887000.0,completed,2,827
828,2024-10-06,8535000.0,failed,4,828
829,2024-10-27,4116000.0,completed,2,829
830,2024-11-05,1785000.0,failed,3,830
831,2024-11-06,8319000.0,completed,4,831
832,2024-10-30,1949000.0,completed,1,832
833,2024-10-17,2988000.0,completed,3,833
834,2024-11-12,50958000.0,completed,3,834
835,2024-10-18,658000.0,completed,4,835
836,2024-11-07,1606000.0,completed,2,836
837,2024-09-29,601000.0,completed,4,837
838,2024-08-28,1040000.0,completed,2,838
839,2024-11-05,2082000.0,completed,1,839
840,2024-11-07,4254000.0,completed,2,840
841,2024-11-05,5232000.0,failed,3,841
842,2024-09-01,2205000.0,completed,1,842
843,2024-11-12,824000.0,completed,3,843
844,2024-11-13,2310000.0,completed,1,844
845,2024-07-14,5842000.0,completed,2,845
846,2024-11-13,4008000.0,completed,4,846
847,2024-10-11,1318000.0,completed,2,847
848,2024-11-10,5528000.0,completed,2,848
849,2024-11-10,1052000.0,completed,3,849
850,2024-07-13,22240000.0,completed,2,850
851,2024-11-07,1792800.0,completed,4,851
852,2024-09-05,1052000.0,completed,1,852
853,2024-11-11,2205000.0,completed,4,853
854,2024-09-21,946800.0,completed,3,854
855,2024-11-01,27582000.0,completed,3,855
856,2024-10-30,1475000.0,completed,3,856
857,2024-11-12,4284000.0,completed,4,857
858,2024-11-08,10452000.0,completed,4,858
859,2024-11-12,1506000.0,failed,2,859
860,2024-10-16,617000.0,completed,2,860
861,2024-09-25,950000.0,completed,2,861
862,2024-11-07,90285000.0,completed,2,862
863,2024-11-07,891000.0,completed,2,863
864,2024-10-21,19467000.0,completed,3,864
865,2024-11-02,5841000.0,failed,3,865
866,2024-11-07,3622000.0,completed,3,866
867,2024-10-23,4604000.0,completed,3,867
868,2024-09-27,1816000.0,completed,4,868
869,2024-11-09,526000.0,completed,1,869
870,2024-09-30,526000.0,completed,3,870
871,2024-10-23,8559000.0,completed,1,871
872,2024-10-24,1647000.0,completed,4,872
873,2024-11-02,2125000.0,completed,1,873
874,2024-10-30,3788000.0,completed,4,874
875,2024-03-15,14223000.0,completed,1,875
876,2024-11-11,1011000.0,completed,4,876
877,2024-11-08,49134000.0,completed,2,877
878,2024-10-30,2136000.0,completed,2,878
879,2024-10-31,782000.0,failed,2,879
880,2024-11-05,5943000.0,completed,3,880
881,2024-10-27,5842000.0,completed,4,881
882,2024-11-13,17448000.0,completed,2,882
883,2024-09-25,1052000.0,completed,3,883
884,2024-08-05,1467000.0,failed,3,884
885,2024-11-13,1190000.0,completed,1,885
886,2024-11-05,1824000.0,failed,2,886
887,2024-11-02,838000.0,completed,4,887
888,2024-09-12,4176000.0,completed,1,888
889,2024-11-11,526000.0,completed,4,889
890,2024-11-03,4698000.0,completed,1,890
891,2024-10-14,1756000.0,completed,1,891
892,2024-10-12,526000.0,completed,4,892
893,2024-11-10,2196000.0,completed,2,893
894,2024-10-01,5278000.0,completed,2,894
895,2024-08-23,2334000.0,completed,3,895
896,2024-10-30,5664000.0,completed,3,896
897,2024-10-29,3260000.0,failed,1,897
898,2024-10-30,2938000.0,completed,1,898
899,2024-11-12,19728000.0,completed,1,899
900,2024-10-10,1578000.0,completed,3,900
901,2024-08-23,1052000.0,completed,1,901
902,2024-10-10,4686000.0,completed,2,902
903,2024-10-05,1052000.0,failed,1,903
904,2024-09-25,1457000.0,completed,4,904
905,2024-09-06,50958000.0,completed,2,905
906,2024-11-03,3928000.0,failed,1,906
907,2024-08-31,1052000.0,completed,3,907
908,2024-07-09,1044000.0,completed,3,908
909,2024-08-23,3080000.0,completed,2,909
910,2024-09-19,640000.0,failed,2,910
911,2024-06-11,4159000.0,completed,3,911
912,2024-11-13,1052000.0,completed,2,912
913,2024-10-20,774000.0,completed,2,913
914,2024-11-08,1197000.0,completed,1,914
915,2024-11-02,1578000.0,completed,3,915
916,2024-10-11,526000.0,completed,1,916
917,2024-06-09,9336000.0,completed,1,917
918,2024-11-12,5518000.0,completed,1,918
919,2024-08-08,14900000.0,completed,2,919
920,2024-07-01,1290000.0,completed,2,920
921,2024-11-13,2331000.0,failed,3,921
922,2024-11-11,6399000.0,completed,3,922
923,2024-10-29,1977000.0,completed,3,923
924,2024-10-09,1582000.0,completed,4,924
925,2024-10-17,526000.0,completed,4,925
926,2024-09-30,918000.0,completed,4,926
927,2024-11-12,4071000.0,completed,4,927
928,2024-10-31,1262000.0,completed,1,928
929,2024-09-23,1833000.0,completed,4,929
930,2024-11-04,2511000.0,failed,1,930
931,2024-07-15,2651400.0,failed,2,931
932,2024-11-06,1806000.0,completed,3,932
933,2024-10-16,1578000.0,completed,3,933
934,2024-10-06,727000.0,completed,3,934
935,2024-10-19,5236000.0,completed,3,935
936,2024-11-03,6219000.0,completed,3,936
937,2024-08-15,9037350.0,completed,4,937
938,2024-07-31,3727800.0,completed,2,938
939,2024-09-01,526000.0,completed,2,939
940,2024-07-20,986400.0,completed,2,940
941,2024-11-01,2128000.0,completed,2,941
942,2024-10-15,14568000.0,completed,3,942
943,2024-10-26,1308000.0,completed,1,943
944,2024-11-11,1436000.0,completed,1,944
945,2024-10-31,3021000.0,completed,3,945
946,2024-10-16,2522000.0,failed,1,946
947,2024-11-05,2299000.0,completed,2,947
948,2024-11-05,69722000.0,completed,3,948
949,2024-11-13,2331000.0,completed,3,949
950,2024-11-12,4773000.0,completed,1,950
951,2024-11-13,2690400.0,completed,3,951
952,2024-10-01,16986000.0,completed,3,952
953,2024-09-15,3075000.0,completed,3,953
954,2024-11-02,4898000.0,completed,2,954
955,2024-05-26,2082000.0,completed,1,955
956,2024-11-09,5181000.0,completed,1,956
957,2024-06-15,526000.0,failed,3,957
958,2024-11-12,90285000.0,completed,1,958
959,2024-10-29,526000.0,completed,1,959
960,2024-11-07,9084000.0,completed,1,960
961,2024-08-24,749000.0,completed,4,961
962,2024-11-11,4890000.0,failed,2,962
963,2024-11-13,2168000.0,completed,4,963
964,2024-07-22,1562000.0,completed,1,964
965,2024-08-13,2407000.0,failed,1,965
966,2024-10-07,1891000.0,completed,2,966
967,2024-11-13,4860000.0,completed,1,967
968,2024-09-25,4462000.0,failed,2,968
969,2024-10-30,2022000.0,completed,4,969
970,2024-11-05,738000.0,completed,1,970
971,2024-10-04,2680000.0,completed,1,971
972,2024-11-13,4992000.0,completed,2,972
973,2024-11-01,1340000.0,completed,4,973
974,2024-10-07,683000.0,completed,4,974
975,2024-10-21,3288000.0,completed,1,975
976,2024-11-06,1190000.0,completed,1,976
977,2024-08-22,2537450.0,completed,3,977
978,2024-08-27,5076000.0,completed,3,978
979,2024-09-25,2979000.0,completed,4,979
980,2024-09-20,3708000.0,completed,4,980
981,2024-11-10,5220000.0,completed,3,981
982,2024-09-28,1578000.0,completed,1,982
983,2024-10-11,1544000.0,completed,1,983
984,2024-10-08,2032000.0,completed,1,984
985,2024-10-28,10783000.0,completed,1,985
986,2024-10-17,9495000.0,failed,2,986
987,2024-11-10,2111000.0,completed,1,987
988,2024-11-13,5733000.0,completed,1,988
989,2024-11-08,585000.0,completed,4,989
990,2024-11-08,1052000.0,failed,2,990
991,2024-11-10,1060000.0,completed,3,991
992,2024-09-29,903000.0,failed,2,992
993,2024-11-09,1467000.0,completed,2,993
994,2024-11-06,40227000.0,completed,4,994
995,2024-10-21,5814000.0,failed,1,995
996,2024-11-02,1343000.0,failed,1,996
997,2024-11-11,1947000.0,completed,4,997
998,2024-11-12,1052000.0,completed,4,998
999,2024-10-24,49674000.0,completed,3,999
1000,2024-11-11,999000.0,failed,3,1000
1001,2024-10-31,20192000.0,completed,4,1001
1002,2024-04-12,113277000.0,completed,2,1002
1003,2024-09-13,526000.0,completed,1,1003
1004,2024-10-28,7230000.0,completed,4,1004
1005,2024-10-21,683000.0,completed,4,1005
1006,2024-04-16,2832000.0,completed,2,1006
1007,2024-11-02,5472000.0,completed,2,1007
1008,2024-11-09,18033000.0,completed,1,1008
1009,2024-11-13,4416000.0,completed,3,1009
1010,2024-11-02,749000.0,completed,2,1010
1011,2024-07-11,46836000.0,completed,1,1011
1012,2024-08-12,2960000.0,completed,1,1012
1013,2024-10-29,7221000.0,completed,3,1013
1014,2024-09-12,2673000.0,completed,2,1014
1015,2024-10-12,2690000.0,completed,1,1015
1016,2024-07-11,7257000.0,completed,2,1016
1017,2024-10-30,4014000.0,failed,1,1017
1018,2024-08-24,18015000.0,completed,1,1018
1019,2024-10-06,1940000.0,completed,2,1019
1020,2024-08-20,1454000.0,completed,4,1020
1021,2024-11-13,664000.0,completed,3,1021
1022,2024-11-07,6630000.0,completed,2,1022
1023,2024-09-16,2768300.0,completed,3,1023
1024,2024-10-11,607000.0,completed,3,1024
1025,2024-09-16,5278000.0,completed,4,1025
1026,2024-10-22,9378000.0,completed,3,1026
1027,2024-10-14,5393000.0,failed,1,1027
1028,2024-11-11,526000.0,completed,4,1028
1029,2024-06-10,2067000.0,completed,4,1029
1030,2024-05-28,5842000.0,completed,2,1030
1031,2024-04-05,3718000.0,failed,4,1031
1032,2024-11-11,3207000.0,completed,1,1032
1033,2024-07-29,8318000.0,completed,1,1033
1034,2024-10-31,2076000.0,failed,2,1034
1035,2024-11-09,6259000.0,failed,1,1035
1036,2024-10-23,3789000.0,completed,4,1036
1037,2024-10-24,679000.0,failed,2,1037
1038,2024-09-27,2115000.0,completed,1,1038
1039,2024-11-13,988000.0,completed,4,1039
1040,2024-11-11,2850000.0,completed,4,1040
1041,2024-11-11,46095000.0,completed,2,1041
1042,2024-09-27,6717000.0,failed,2,1042
1043,2024-11-04,13272000.0,completed,1,1043
1044,2024-10-21,2055000.0,completed,1,1044
1045,2024-10-24,2313900.0,completed,1,1045
1046,2024-11-07,4890000.0,completed,1,1046
1047,2024-11-13,5067000.0,completed,3,1047
1048,2024-09-07,9652000.0,completed,1,1048
1049,2024-11-09,3180000.0,completed,4,1049
1050,2024-11-13,3288000.0,completed,1,1050
1051,2024-09-09,1630000.0,completed,1,1051
1052,2024-10-10,2302000.0,completed,2,1052
1053,2024-11-13,1052000.0,completed,4,1053
1054,2024-10-28,4028400.0,completed,3,1054
1055,2024-10-07,526000.0,completed,1,1055
1056,2024-05-06,20568000.0,completed,4,1056
1057,2024-07-04,1052000.0,completed,3,1057
1058,2024-09-24,526000.0,completed,1,1058
1059,2024-11-13,6549000.0,completed,3,1059
1060,2024-02-10,2246000.0,completed,4,1060
1061,2024-10-17,526000.0,completed,4,1061
1062,2024-10-17,8632000.0,completed,1,1062
1063,2024-06-28,1630000.0,failed,2,1063
1064,2024-09-26,1052000.0,failed,2,1064
1065,2024-10-19,7689600.0,completed,3,1065
1066,2024-11-12,1534000.0,completed,2,1066
1067,2024-11-12,8222250.0,completed,4,1067
1068,2024-10-18,8904000.0,completed,2,1068
1069,2024-10-12,526000.0,completed,2,1069
1070,2024-10-25,8484450.0,completed,4,1070
1071,2024-11-04,1877200.0,completed,3,1071
1072,2024-08-16,4890000.0,completed,1,1072
1073,2024-10-15,2259000.0,completed,1,1073
1074,2024-10-31,2577000.0,completed,3,1074
1075,2024-11-11,1280000.0,completed,4,1075
1076,2024-10-19,4890000.0,completed,1,1076
1077,2024-07-30,1126000.0,failed,3,1077
1078,2024-08-13,5700000.0,completed,4,1078
1079,2024-10-03,1052000.0,completed,3,1079
1080,2024-11-09,3260000.0,completed,2,1080
1081,2024-11-06,2114000.0,completed,1,1081
1082,2024-10-07,2934000.0,completed,2,1082
1083,2024-09-09,1845000.0,completed,3,1083
1084,2024-10-14,3782000.0,failed,1,1084
1085,2024-11-09,1116000.0,failed,2,1085
1086,2024-10-11,3220000.0,completed,2,1086
1087,2024-10-31,45873000.0,completed,4,1087
1088,2024-11-09,12471000.0,completed,4,1088
1089,2024-10-25,4276000.0,completed,4,1089
1090,2024-10-25,1606000.0,completed,4,1090
1091,2024-07-24,1821000.0,completed,2,1091
1092,2024-11-02,4062000.0,completed,1,1092
1093,2024-11-09,9312000.0,failed,4,1093
1094,2024-09-10,1052000.0,completed,1,1094
1095,2024-03-06,946800.0,completed,1,1095
1096,2024-11-04,1630000.0,failed,2,1096
1097,2024-10-20,1052000.0,completed,1,1097
1098,2024-11-02,4160700.0,completed,4,1098
1099,2024-04-04,1578000.0,completed,2,1099
1100,2024-10-23,13535100.0,completed,1,1100
1101,2024-10-16,3388000.0,completed,1,1101
1102,2024-11-10,679000.0,completed,3,1102
1103,2024-11-12,1691000.0,completed,2,1103
1104,2024-10-14,1704000.0,completed,3,1104
1105,2024-10-31,7063200.0,completed,4,1105
1106,2024-11-07,5697000.0,failed,2,1106
1107,2024-09-29,1568000.0,completed,3,1107
1108,2024-10-31,1761000.0,completed,2,1108
1109,2024-11-04,60534000.0,completed,4,1109
1110,2024-10-27,1962000.0,completed,3,1110
1111,2024-05-31,7702000.0,completed,4,1111
1112,2024-11-12,4953000.0,completed,3,1112
1113,2024-11-05,3916000.0,completed,1,1113
1114,2024-02-28,3800000.0,completed,4,1114
1115,2024-08-11,731500.0,completed,1,1115
1116,2024-08-22,526000.0,completed,1,1116
1117,2024-10-28,1336000.0,completed,2,1117
1118,2024-11-02,2431000.0,failed,2,1118
1119,2024-07-10,1794000.0,completed,1,1119
1120,2024-08-01,28496000.0,failed,4,1120
1121,2024-05-08,1072000.0,failed,2,1121
1122,2024-11-12,4224000.0,completed,3,1122
1123,2024-11-08,30543000.0,completed,3,1123
1124,2024-11-13,1965000.0,completed,1,1124
1125,2024-07-20,6489000.0,completed,2,1125
1126,2024-07-27,1283000.0,completed,1,1126
1127,2024-10-15,5177000.0,completed,4,1127
1128,2024-09-14,4176000.0,completed,3,1128
1129,2024-09-19,6226000.0,completed,3,1129
1130,2024-06-03,2785400.0,completed,2,1130
1131,2024-11-11,1052000.0,completed,3,1131
1132,2024-05-14,2170000.0,completed,1,1132
1133,2024-10-08,4890000.0,completed,4,1133
1134,2024-11-10,5528000.0,completed,1,1134
1135,2024-10-27,3260000.0,failed,1,1135
1136,2024-11-08,5172000.0,completed,3,1136
1137,2024-10-26,1876000.0,completed,2,1137
1138,2024-09-14,1578000.0,failed,4,1138
1139,2024-11-09,1998000.0,failed,4,1139
1140,2024-11-12,9735600.0,completed,2,1140
1141,2024-10-16,670000.0,completed,3,1141
1142,2024-11-09,3260000.0,completed,2,1142
1143,2024-05-27,2620000.0,completed,4,1143
1144,2024-11-05,2301000.0,completed,3,1144
1145,2024-11-10,3858000.0,failed,2,1145
1146,2024-11-13,1755000.0,completed,1,1146
1147,2024-11-01,1578000.0,completed,1,1147
1148,2024-11-01,4968000.0,completed,1,1148
1149,2024-10-31,6033000.0,completed,4,1149
1150,2024-07-16,668000.0,completed,1,1150
1151,2024-11-12,2004000.0,failed,2,1151
1152,2024-09-10,17734000.0,failed,1,1152
1153,2024-09-20,1648000.0,completed,4,1153
1154,2024-09-21,4104000.0,completed,1,1154
1155,2024-11-11,7491000.0,completed,1,1155
1156,2024-10-16,6789000.0,completed,4,1156
1157,2024-07-28,6630000.0,completed,1,1157
1158,2024-08-31,2594000.0,completed,4,1158
1159,2024-09-15,3898000.0,completed,1,1159
1160,2024-05-03,2300900.0,completed,2,1160
1161,2024-08-23,1692000.0,completed,3,1161
1162,2024-05-01,1764000.0,completed,4,1162
1163,2024-10-03,1392000.0,completed,3,1163
1164,2024-11-08,1695000.0,completed,3,1164
1165,2024-09-20,1094400.0,completed,4,1165
1166,2024-11-12,3111000.0,completed,2,1166
1167,2024-10-19,3021000.0,completed,1,1167
1168,2024-11-12,1410000.0,failed,4,1168
1169,2024-10-21,21180000.0,completed,1,1169
1170,2024-10-25,4890000.0,completed,2,1170
1171,2024-07-17,5520000.0,completed,1,1171
1172,2024-11-13,2439000.0,completed,1,1172
1173,2024-09-24,1630000.0,failed,2,1173
1174,2024-10-30,48954000.0,completed,1,1174
1175,2024-08-27,4890000.0,completed,3,1175
1176,2024-11-04,31424000.0,completed,4,1176
1177,2024-11-08,1504000.0,completed,3,1177
1178,2024-10-28,1701000.0,completed,4,1178
1179,2024-06-29,1881000.0,completed,3,1179
1180,2024-08-10,727000.0,completed,2,1180
1181,2024-11-13,26442000.0,completed,4,1181
1182,2024-10-29,3424000.0,completed,1,1182
1183,2024-08-25,1230000.0,completed,1,1183
1184,2024-11-13,3051000.0,completed,3,1184
1185,2024-10-20,2538000.0,completed,4,1185
1186,2024-11-03,3260000.0,completed,3,1186
1187,2024-11-02,947000.0,completed,1,1187
1188,2024-09-20,12936000.0,completed,4,1188
1189,2024-11-13,70298000.0,failed,3,1189
1190,2024-09-14,1052000.0,completed,1,1190
1191,2024-09-22,15432000.0,failed,3,1191
1192,2024-11-09,1016000.0,completed,1,1192
1193,2024-11-09,6780000.0,completed,1,1193
1194,2024-11-04,1452000.0,failed,2,1194
1195,2024-08-27,2952000.0,completed,3,1195
1196,2024-10-20,2478000.0,completed,4,1196
1197,2024-11-06,11312600.0,failed,4,1197
1198,2024-11-11,5014000.0,failed,2,1198
1199,2024-11-12,25938000.0,failed,3,1199
1200,2024-10-10,34746000.0,completed,2,1200
1201,2024-10-06,2013000.0,completed,4,1201
1202,2024-10-27,1962000.0,completed,2,1202
1203,2024-10-28,6081000.0,completed,3,1203
1204,2024-11-13,9576000.0,failed,2,1204
1205,2024-10-11,1930500.0,completed,1,1205
1206,2024-10-08,2934000.0,failed,4,1206
1207,2024-10-30,6396000.0,completed,3,1207
1208,2024-10-16,7068600.0,completed,4,1208
1209,2024-10-27,1664400.0,completed,1,1209
1210,2024-09-12,1470000.0,completed,1,1210
1211,2024-11-10,2560000.0,failed,3,1211
1212,2024-09-05,1338000.0,completed,4,1212
1213,2024-09-19,1548500.0,completed,1,1213
1214,2024-10-27,1190000.0,failed,4,1214
1215,2024-09-16,5160000.0,completed,4,1215
1216,2024-11-07,5307000.0,completed,3,1216
1217,2024-10-26,818000.0,completed,2,1217
1218,2024-11-13,1052000.0,failed,3,1218
1219,2024-11-09,2115000.0,completed,4,1219
1220,2024-08-16,666000.0,completed,1,1220
1221,2024-07-14,1308000.0,completed,4,1221
1222,2024-10-24,908000.0,completed,3,1222
1223,2024-10-17,1851000.0,completed,4,1223
1224,2024-07-25,1811000.0,completed,3,1224
1225,2024-11-13,9189000.0,completed,2,1225
1226,2024-11-11,4830000.0,completed,3,1226
1227,2024-11-12,6093000.0,completed,4,1227
1228,2024-10-31,526000.0,completed,4,1228
1229,2024-09-27,4890000.0,failed,1,1229
1230,2024-11-03,2004000.0,completed,3,1230
1231,2024-09-12,2937000.0,completed,2,1231
1232,2024-09-28,526000.0,completed,1,1232
1233,2024-10-29,1914000.0,completed,2,1233
1234,2024-10-01,3260000.0,completed,3,1234
1235,2024-06-27,18828000.0,failed,2,1235
1236,2024-10-04,973750.0,completed,3,1236
1237,2024-11-08,1630000.0,completed,4,1237
1238,2024-10-26,2114000.0,completed,4,1238
1239,2024-07-31,2318000.0,completed,2,1239
1240,2024-10-29,3213000.0,completed,3,1240
1241,2024-05-20,4996000.0,completed,4,1241
1242,2024-11-05,4494000.0,completed,4,1242
1243,2024-08-14,2340000.0,completed,1,1243
1244,2024-10-03,2882000.0,completed,4,1244
1245,2024-11-12,3198000.0,failed,2,1245
1246,2024-11-13,526000.0,failed,4,1246
1247,2024-10-09,3788000.0,completed,2,1247
1248,2024-10-06,993000.0,failed,2,1248
1249,2024-11-12,808000.0,completed,1,1249
1250,2024-10-03,1270000.0,completed,2,1250
1251,2024-07-15,13297000.0,failed,3,1251
1252,2024-11-13,4308000.0,completed,4,1252
1253,2024-10-09,3152000.0,completed,2,1253
1254,2024-07-22,3012000.0,failed,1,1254
1255,2024-11-06,1891000.0,completed,3,1255
1256,2024-09-06,1821000.0,completed,3,1256
1257,2024-10-31,32800000.0,completed,3,1257
1258,2024-11-13,6408000.0,completed,1,1258
1259,2024-11-10,5892000.0,completed,4,1259
1260,2024-09-06,1578000.0,completed,3,1260
1261,2024-10-05,2246400.0,completed,3,1261
1262,2024-10-20,49092000.0,completed,4,1262
1263,2024-08-10,4872000.0,completed,4,1263
1264,2024-10-15,650000.0,completed,2,1264
1265,2024-10-25,1052000.0,failed,2,1265
1266,2024-08-17,4035000.0,completed,1,1266
1267,2024-10-02,2010600.0,completed,2,1267
1268,2024-08-30,8391000.0,completed,4,1268
1269,2024-09-16,9084000.0,completed,4,1269
1270,2024-11-03,6189000.0,completed,3,1270
1271,2024-11-05,5688000.0,completed,3,1271
1272,2024-10-31,3260000.0,completed,1,1272
1273,2024-08-26,1688000.0,completed,4,1273
1274,2024-10-29,2988000.0,completed,3,1274
1275,2024-10-09,3057000.0,completed,1,1275
1276,2024-11-10,2005000.0,failed,3,1276
1277,2024-10-20,3051000.0,completed,2,1277
1278,2024-10-13,1910000.0,completed,3,1278
1279,2024-11-13,891000.0,failed,4,1279
1280,2024-11-12,546000.0,completed,3,1280
1281,2024-10-07,1322000.0,completed,3,1281
1282,2024-11-08,3052000.0,completed,4,1282
1283,2024-10-22,2578000.0,completed,4,1283
1284,2024-11-13,1069000.0,failed,2,1284
1285,2024-09-20,1336000.0,failed,1,1285
1286,2024-08-17,499700.0,completed,2,1286
1287,2024-11-08,7946000.0,completed,4,1287
1288,2024-11-03,734000.0,failed,4,1288
1289,2024-10-28,1591000.0,completed,4,1289
1290,2024-11-06,2728000.0,completed,1,1290
1291,2024-10-30,1441000.0,failed,1,1291
1292,2024-11-13,3051000.0,completed,3,1292
1293,2024-11-08,6903000.0,completed,3,1293
1294,2024-11-03,17922000.0,completed,1,1294
1295,2024-08-22,1692000.0,completed,2,1295
1296,2024-11-07,727000.0,completed,3,1296
1297,2024-08-10,1183000.0,completed,2,1297
1298,2024-11-02,57051000.0,failed,3,1298
1299,2024-11-13,546000.0,completed,2,1299
1300,2024-08-29,6864000.0,completed,3,1300
1301,2024-08-01,2586000.0,completed,1,1301
1302,2024-09-06,9602000.0,completed,3,1302
1303,2024-10-05,1384000.0,completed,2,1303
1304,2024-10-31,4126000.0,completed,2,1304
1305,2024-05-17,1992000.0,completed,1,1305
1306,2024-10-31,1586000.0,completed,2,1306
1307,2024-11-01,1962000.0,completed,4,1307
1308,2024-11-03,3260000.0,completed,4,1308
1309,2024-07-24,5498000.0,completed,2,1309
1310,2024-06-26,1630000.0,completed,2,1310
1311,2024-10-01,6174000.0,completed,2,1311
1312,2024-10-26,21186000.0,completed,4,1312
1313,2024-11-11,1728000.0,completed,4,1313
1314,2024-11-13,6318000.0,completed,3,1314
1315,2024-11-10,1313000.0,completed,1,1315
1316,2024-10-22,3288000.0,completed,2,1316
1317,2024-11-13,1712000.0,completed,2,1317
1318,2024-11-09,2308000.0,completed,1,1318
1319,2024-11-11,432000.0,completed,3,1319
1320,2024-11-02,5919000.0,completed,1,1320
1321,2024-11-12,41373000.0,completed,4,1321
1322,2024-07-31,13152000.0,failed,4,1322
1323,2024-09-30,1371000.0,completed,3,1323
1324,2024-08-30,1773000.0,completed,1,1324
1325,2024-10-14,6348000.0,completed,3,1325
1326,2024-11-13,7194000.0,completed,4,1326
1327,2024-08-14,1310000.0,completed,2,1327
1328,2024-10-29,1578000.0,failed,1,1328
1329,2024-10-15,3666000.0,completed,3,1329
1330,2024-10-05,2874000.0,completed,1,1330
1331,2024-10-05,7832000.0,failed,3,1331
1332,2024-09-07,55680000.0,completed,1,1332
1333,2024-10-23,1303000.0,completed,3,1333
1334,2024-07-04,5724000.0,failed,2,1334
1335,2024-10-17,24990000.0,failed,4,1335
1336,2024-11-07,7470000.0,completed,3,1336
1337,2024-09-16,5661000.0,completed,1,1337
1338,2024-11-07,1482000.0,completed,2,1338
1339,2024-10-28,3192000.0,failed,4,1339
1340,2024-10-30,15000000.0,completed,4,1340
1341,2024-11-11,1137000.0,completed,4,1341
1342,2024-10-25,3090350.0,completed,1,1342
1343,2024-10-15,37316000.0,failed,2,1343
1344,2024-08-27,1102000.0,completed,3,1344
1345,2024-11-02,4890000.0,completed,2,1345
1346,2024-11-13,2235000.0,completed,2,1346
1347,2024-10-12,1464000.0,completed,4,1347
1348,2024-10-16,3651000.0,completed,2,1348
1349,2024-11-06,1722350.0,completed,2,1349
1350,2024-11-12,4556000.0,completed,1,1350
1351,2024-11-01,2602050.0,completed,2,1351
1352,2024-10-25,2395000.0,completed,2,1352
1353,2024-11-13,3260000.0,completed,4,1353
1354,2024-10-22,2856000.0,completed,1,1354
1355,2024-11-08,2872000.0,completed,1,1355
1356,2024-07-03,3296000.0,completed,4,1356
1357,2024-08-25,1667000.0,completed,3,1357
1358,2024-11-02,18144000.0,completed,2,1358
1359,2024-06-04,3729000.0,completed,2,1359
1360,2024-10-11,1794000.0,completed,2,1360
1361,2024-10-16,1052000.0,completed,1,1361
1362,2024-11-05,1396000.0,completed,4,1362
1363,2024-08-15,1957950.0,failed,4,1363
1364,2024-11-13,14194000.0,completed,2,1364
1365,2024-08-30,24917550.0,completed,4,1365
1366,2024-10-02,2979000.0,failed,2,1366
1367,2024-11-05,1941000.0,completed,2,1367
1368,2024-11-02,3549000.0,completed,4,1368
1369,2024-11-09,6825000.0,completed,3,1369
1370,2024-07-06,2968000.0,completed,2,1370
1371,2024-08-03,4767000.0,completed,2,1371
1372,2024-11-08,1466000.0,completed,2,1372
1373,2024-09-30,1263000.0,completed,4,1373
1374,2024-11-13,2034000.0,completed,4,1374
1375,2024-11-06,526000.0,completed,3,1375
1376,2024-09-05,1029000.0,completed,3,1376
1377,2024-08-09,13634000.0,completed,1,1377
1378,2024-10-03,1052000.0,failed,3,1378
1379,2024-08-12,4470000.0,completed,4,1379
1380,2024-09-05,3248000.0,completed,2,1380
1381,2024-07-09,4039400.0,completed,3,1381
1382,2024-11-05,7794000.0,failed,1,1382
1383,2024-10-22,3452000.0,completed,2,1383
1384,2024-11-05,891000.0,completed,2,1384
1385,2024-11-11,9342000.0,completed,4,1385
1386,2024-06-28,3897000.0,completed,1,1386
1387,2024-10-28,2626000.0,completed,3,1387
1388,2024-11-10,1630000.0,completed,2,1388
1389,2024-11-11,3828000.0,completed,2,1389
1390,2024-11-08,1594000.0,completed,4,1390
1391,2024-08-04,2004000.0,completed,2,1391
1392,2024-09-20,526000.0,completed,4,1392
1393,2024-11-12,3834000.0,completed,1,1393
1394,2024-10-21,1369000.0,completed,1,1394
1395,2024-09-23,32756000.0,completed,1,1395
1396,2024-11-07,1833000.0,completed,4,1396
1397,2024-10-14,849000.0,failed,1,1397
1398,2024-04-28,2061000.0,completed,4,1398
1399,2024-10-14,3570000.0,completed,2,1399
1400,2024-11-13,4890000.0,completed,4,1400
1401,2024-07-29,8046000.0,completed,1,1401
1402,2024-10-14,14288000.0,completed,2,1402
1403,2024-11-12,1630000.0,completed,1,1403
1404,2024-06-03,3406000.0,failed,2,1404
1405,2024-11-08,6219000.0,completed,3,1405
1406,2024-10-27,1052000.0,failed,2,1406
1407,2024-06-01,18735000.0,completed,1,1407
1408,2024-10-28,526000.0,completed,3,1408
1409,2024-10-07,4335000.0,completed,4,1409
1410,2024-10-22,3401000.0,completed,2,1410
1411,2024-11-13,3260000.0,failed,3,1411
1412,2024-09-18,1850000.0,completed,2,1412
1413,2024-09-16,6219000.0,completed,1,1413
1414,2024-10-19,4838000.0,completed,1,1414
1415,2024-11-10,3842000.0,completed,4,1415
1416,2024-09-01,1420200.0,completed,3,1416
1417,2024-10-28,2083000.0,failed,1,1417
1418,2024-10-29,1342000.0,completed,2,1418
1419,2024-11-08,2427000.0,completed,4,1419
1420,2024-11-13,2975000.0,failed,3,1420
1421,2024-11-10,852000.0,completed,1,1421
1422,2024-10-02,3194000.0,failed,1,1422
1423,2024-10-07,4863000.0,completed,3,1423
1424,2024-10-29,929000.0,completed,1,1424
1425,2024-05-18,2830000.0,completed,3,1425
1426,2024-11-08,6621000.0,completed,3,1426
1427,2024-11-07,5313000.0,completed,4,1427
1428,2024-09-07,7080000.0,completed,4,1428
1429,2024-09-07,1962000.0,completed,3,1429
1430,2024-03-26,6103000.0,completed,3,1430
1431,2024-11-10,2217000.0,completed,3,1431
1432,2024-11-12,1280000.0,completed,1,1432
1433,2024-10-26,1460000.0,completed,1,1433
1434,2024-10-24,30714000.0,completed,4,1434
1435,2024-11-05,4494000.0,completed,1,1435
1436,2024-09-23,867000.0,completed,3,1436
1437,2024-11-11,3334500.0,completed,2,1437
1438,2024-11-12,4863000.0,completed,1,1438
1439,2024-07-12,978000.0,completed,2,1439
1440,2024-10-28,48351000.0,completed,4,1440
1441,2024-11-13,526000.0,completed,1,1441
1442,2024-10-29,2336000.0,completed,4,1442
1443,2024-09-27,1578000.0,completed,4,1443
1444,2024-10-12,526000.0,completed,3,1444
1445,2024-10-23,4521000.0,failed,1,1445
1446,2024-09-30,7685000.0,completed,2,1446
1447,2024-10-16,4020000.0,completed,3,1447
1448,2024-11-12,19197000.0,completed,1,1448
1449,2024-07-18,1890000.0,completed,1,1449
1450,2024-11-09,526000.0,completed,4,1450
1451,2024-06-11,650000.0,completed,3,1451
1452,2024-10-03,4890000.0,completed,4,1452
1453,2024-09-24,2027000.0,completed,3,1453
1454,2024-11-11,2866000.0,failed,3,1454
1455,2024-10-15,12252000.0,completed,2,1455
1456,2024-10-31,2568000.0,completed,3,1456
1457,2024-11-12,9294000.0,completed,1,1457
1458,2024-06-25,158676600.0,completed,2,1458
1459,2024-11-13,1938000.0,completed,2,1459
1460,2024-06-20,6738000.0,completed,3,1460
1461,2024-11-02,643500.0,completed,4,1461
1462,2024-09-29,1412000.0,completed,1,1462
1463,2024-05-03,1578000.0,completed,3,1463
1464,2024-09-19,829000.0,completed,1,1464
1465,2024-07-23,1211000.0,completed,3,1465
1466,2024-10-27,991000.0,completed,1,1466
1467,2024-11-10,3979800.0,failed,1,1467
1468,2024-06-22,4645500.0,failed,3,1468
1469,2024-11-06,658350.0,completed,3,1469
1470,2024-11-03,1578000.0,completed,2,1470
1471,2024-09-23,2182000.0,completed,4,1471
1472,2024-09-08,3063000.0,completed,1,1472
1473,2024-08-08,1630000.0,completed,4,1473
1474,2024-10-25,4398000.0,completed,4,1474
1475,2024-10-30,3558600.0,completed,1,1475
1476,2024-10-17,2163600.0,completed,3,1476
1477,2024-11-12,774000.0,completed,2,1477
1478,2024-11-03,1318000.0,completed,2,1478
1479,2024-10-26,2326000.0,completed,1,1479
1480,2024-11-12,2331000.0,completed,2,1480
1481,2024-11-09,2115000.0,completed,4,1481
1482,2024-11-12,1602000.0,completed,1,1482
1483,2024-06-30,2750000.0,completed,3,1483
1484,2024-11-05,1564000.0,completed,4,1484
1485,2024-10-07,2301000.0,completed,3,1485
1486,2024-10-11,1352000.0,completed,4,1486
1487,2024-10-14,764000.0,completed,4,1487
1488,2024-11-05,7112000.0,completed,3,1488
1489,2024-09-04,1803000.0,completed,1,1489
1490,2024-06-12,345600.0,completed,3,1490
1491,2024-09-18,4722000.0,completed,4,1491
1492,2024-09-04,5014000.0,failed,3,1492
1493,2024-07-10,2360000.0,completed,2,1493
1494,2024-09-25,4746000.0,failed,4,1494
1495,2024-11-08,1632000.0,completed,3,1495
1496,2024-11-10,4890000.0,completed,2,1496
1497,2024-10-25,1332000.0,completed,4,1497
1498,2024-09-11,74511000.0,failed,4,1498
1499,2024-09-21,1732800.0,completed,3,1499
1500,2024-11-09,5874000.0,completed,1,1500
1501,2024-11-02,5976000.0,completed,4,1501
1502,2024-11-13,3620000.0,failed,4,1502
1503,2024-09-24,5433000.0,completed,2,1503
1504,2024-11-09,2326000.0,completed,4,1504
1505,2024-06-30,1624000.0,completed,4,1505
1506,2024-07-08,3170000.0,failed,1,1506
1507,2024-07-20,1722350.0,completed,1,1507
1508,2024-08-22,4724000.0,completed,2,1508
1509,2024-11-10,1453000.0,failed,3,1509
1510,2024-11-12,1966500.0,completed,1,1510
1511,2024-09-21,1134000.0,completed,2,1511
1512,2024-09-26,2013000.0,failed,4,1512
1513,2024-08-24,60534000.0,completed,4,1513
1514,2024-10-25,2168000.0,completed,2,1514
1515,2024-10-18,510000.0,completed,1,1515
1516,2024-08-24,1806000.0,completed,3,1516
1517,2024-09-29,7335000.0,completed,3,1517
1518,2024-10-06,4844000.0,completed,3,1518
1519,2024-10-21,1425000.0,completed,2,1519
1520,2024-11-09,34014000.0,completed,4,1520
1521,2024-10-18,20362000.0,completed,2,1521
1522,2024-09-21,5688000.0,completed,3,1522
1523,2024-09-26,3033000.0,completed,1,1523
1524,2024-09-30,8535000.0,completed,4,1524
1525,2024-10-28,2140000.0,completed,3,1525
1526,2024-07-21,2734100.0,completed,4,1526
1527,2024-11-04,1420200.0,completed,2,1527
1528,2024-07-23,2865000.0,completed,3,1528
1529,2024-09-18,1730000.0,completed,3,1529
1530,2024-07-14,1313000.0,failed,3,1530
1531,2024-10-05,1290000.0,completed,1,1531
1532,2024-10-21,8142000.0,completed,4,1532
1533,2024-10-13,6564000.0,completed,3,1533
1534,2024-03-06,2379000.0,completed,4,1534
1535,2024-10-24,4908000.0,failed,2,1535
1536,2024-10-14,2182000.0,completed,4,1536
1537,2024-09-28,1302000.0,completed,2,1537
1538,2024-11-09,6950000.0,completed,4,1538
1539,2024-09-01,11242000.0,completed,3,1539
1540,2024-10-14,1052000.0,completed,2,1540
1541,2024-09-20,6102000.0,completed,4,1541
1542,2024-09-29,914000.0,completed,1,1542
1543,2024-09-01,1318000.0,completed,2,1543
1544,2024-07-10,4293900.0,completed,3,1544
1545,2024-11-07,2201400.0,completed,2,1545
1546,2024-09-16,4645500.0,completed,1,1546
1547,2024-10-16,3604000.0,completed,1,1547
1548,2024-09-25,1578000.0,completed,4,1548
1549,2024-11-11,1524000.0,completed,2,1549
1550,2024-10-28,2122000.0,completed,3,1550
1551,2024-11-11,1352000.0,completed,4,1551
1552,2024-11-02,4890000.0,completed,1,1552
1553,2024-09-07,2921000.0,completed,4,1553
1554,2024-11-13,2612000.0,completed,1,1554
1555,2024-10-21,2439000.0,completed,3,1555
1556,2024-11-02,5862000.0,completed,4,1556
1557,2024-10-30,5928000.0,completed,1,1557
1558,2024-09-05,526000.0,failed,4,1558
1559,2024-11-13,2245000.0,failed,2,1559
1560,2024-08-23,4294000.0,completed,4,1560
1561,2024-09-27,5322000.0,completed,4,1561
1562,2024-11-11,738000.0,completed,3,1562
1563,2024-11-09,7722000.0,completed,1,1563
1564,2024-11-13,2304000.0,completed,3,1564
1565,2024-09-17,5900000.0,completed,1,1565
1566,2024-11-11,2446200.0,completed,4,1566
1567,2024-10-14,15830000.0,completed,4,1567
1568,2024-11-12,5169000.0,completed,1,1568
1569,2024-10-18,3489000.0,completed,3,1569
1570,2024-11-09,3190000.0,completed,3,1570
1571,2024-09-20,6321000.0,completed,2,1571
1572,2024-11-13,2979000.0,completed,3,1572
1573,2024-09-28,2067000.0,completed,1,1573
1574,2024-09-27,1371000.0,failed,1,1574
1575,2024-10-23,2358000.0,completed,1,1575
1576,2024-11-13,1578000.0,completed,3,1576
1577,2024-08-16,2507000.0,completed,2,1577
1578,2024-07-26,5327100.0,completed,2,1578
1579,2024-11-04,702000.0,completed,4,1579
1580,2024-11-10,3700000.0,failed,3,1580
1581,2024-06-25,1658000.0,completed,4,1581
1582,2024-10-22,1114000.0,completed,3,1582
1583,2024-10-25,621000.0,completed,4,1583
1584,2024-10-08,2152000.0,completed,3,1584
1585,2024-11-11,2811000.0,completed,3,1585
1586,2024-11-02,2247000.0,completed,2,1586
1587,2024-11-07,2766000.0,completed,3,1587
1588,2024-10-24,5499000.0,completed,4,1588
1589,2024-10-01,4773000.0,completed,3,1589
1590,2024-11-11,5067000.0,completed,1,1590
1591,2024-11-10,1899000.0,completed,1,1591
1592,2024-08-14,10214000.0,completed,4,1592
1593,2024-10-28,3118000.0,completed,3,1593
1594,2024-08-21,37903000.0,completed,3,1594
1595,2024-11-13,52032000.0,completed,2,1595
1596,2024-11-07,14223000.0,completed,4,1596
1597,2024-10-30,499700.0,failed,2,1597
1598,2024-07-26,640300.0,completed,4,1598
1599,2024-10-11,3048000.0,completed,2,1599
1600,2024-11-07,1005300.0,completed,3,1600
1601,2024-11-05,4971000.0,completed,3,1601
1602,2024-11-07,2255300.0,completed,4,1602
1603,2024-10-06,1563000.0,completed,1,1603
1604,2024-09-29,12570000.0,completed,2,1604
1605,2024-11-02,1735000.0,completed,4,1605
1606,2024-09-14,1938000.0,completed,4,1606
1607,2024-11-04,2278000.0,completed,1,1607
1608,2024-11-08,2202000.0,completed,2,1608
1609,2024-09-15,1052000.0,completed,2,1609
1610,2024-10-07,1804000.0,completed,4,1610
1611,2024-11-12,1811000.0,completed,4,1611
1612,2024-11-10,4918000.0,failed,3,1612
1613,2024-11-07,4796000.0,failed,2,1613
1614,2024-11-02,84918000.0,completed,1,1614
1615,2024-07-12,4054000.0,completed,4,1615
1616,2024-10-24,7128000.0,completed,1,1616
1617,2024-11-07,526000.0,completed,4,1617
1618,2024-10-01,2431000.0,completed,1,1618
1619,2024-06-15,1420200.0,completed,2,1619
1620,2024-09-16,1720000.0,completed,1,1620
1621,2024-10-16,1492000.0,failed,2,1621
1622,2024-10-21,1446000.0,completed,4,1622
1623,2024-09-12,1962000.0,completed,4,1623
1624,2024-09-27,1735000.0,completed,3,1624
1625,2024-10-16,576000.0,completed,3,1625
1626,2024-10-09,4176000.0,completed,3,1626
1627,2024-09-27,3978000.0,completed,1,1627
1628,2024-10-25,1234000.0,completed,4,1628
1629,2024-11-13,9066000.0,completed,2,1629
1630,2024-09-18,1272000.0,completed,3,1630
1631,2024-07-21,4720000.0,failed,1,1631
1632,2024-10-27,8116000.0,completed,2,1632
1633,2024-10-26,1578000.0,completed,4,1633
1634,2024-10-13,2268000.0,completed,2,1634
1635,2024-10-04,1974000.0,completed,4,1635
1636,2024-10-08,2820000.0,completed,3,1636
1637,2024-10-08,3000000.0,completed,2,1637
1638,2024-11-04,52032000.0,completed,2,1638
1639,2024-10-25,1977000.0,completed,1,1639
1640,2024-09-13,3288000.0,completed,1,1640
1641,2024-08-02,1016000.0,completed,3,1641
1642,2024-11-13,2973000.0,completed,2,1642
1643,2024-11-12,1214000.0,completed,3,1643
1644,2024-09-03,7962900.0,completed,2,1644
1645,2024-07-27,1234000.0,completed,4,1645
1646,2024-10-16,6522000.0,completed,3,1646
1647,2024-11-13,774000.0,completed,3,1647
1648,2024-11-10,1606000.0,completed,1,1648
1649,2024-11-11,4890000.0,failed,1,1649
1650,2024-07-20,34118000.0,completed,1,1650
1651,2024-08-14,34118000.0,completed,2,1651
1652,2024-10-23,4686000.0,completed,3,1652
1653,2024-10-20,3939000.0,completed,2,1653
1654,2024-09-12,808000.0,completed,1,1654
1655,2024-10-27,3416000.0,completed,3,1655
1656,2024-10-11,3260000.0,completed,3,1656
1657,2024-10-21,5374800.0,completed,3,1657
1658,2024-11-13,1060000.0,completed,1,1658
1659,2024-11-12,2001650.0,completed,4,1659
1660,2024-08-20,6044000.0,completed,4,1660
1661,2024-09-29,4134000.0,completed,3,1661
1662,2024-09-20,2296000.0,completed,2,1662
1663,2024-09-25,2170000.0,failed,3,1663
1664,2024-10-17,2891000.0,completed,3,1664
1665,2024-10-12,4107000.0,completed,3,1665
1666,2024-07-05,13901000.0,completed,1,1666
1667,2024-07-27,6110000.0,completed,3,1667
1668,2024-10-04,2856000.0,completed,2,1668
1669,2024-11-02,1254000.0,completed,1,1669
1670,2024-09-13,32282000.0,failed,1,1670
1671,2024-08-27,5067000.0,completed,1,1671
1672,2024-11-13,2595000.0,failed,3,1672
1673,2024-07-12,7244000.0,completed,4,1673
1674,2024-10-16,36219000.0,completed,2,1674
1675,2024-10-29,752000.0,completed,1,1675
1676,2024-10-27,61565700.0,completed,1,1676
1677,2024-10-27,57051000.0,failed,4,1677
1678,2024-10-14,22994000.0,completed,2,1678
1679,2024-03-27,2322000.0,completed,1,1679
1680,2024-08-13,7389000.0,completed,1,1680
1681,2024-09-30,6924000.0,failed,4,1681
1682,2024-11-01,6396000.0,completed,4,1682
1683,2024-09-18,48954000.0,completed,1,1683
1684,2024-09-17,5481000.0,completed,4,1684
1685,2024-09-02,5702000.0,completed,2,1685
1686,2024-08-29,6949000.0,completed,1,1686
1687,2024-08-24,1989900.0,completed,3,1687
1688,2024-10-11,3770000.0,completed,1,1688
1689,2024-11-13,526000.0,failed,3,1689
1690,2024-11-09,1332000.0,completed,4,1690
1691,2024-11-13,792300.0,failed,3,1691
1692,2024-10-19,4932000.0,completed,3,1692
1693,2024-09-21,3633000.0,failed,1,1693
1694,2024-11-13,9122000.0,failed,2,1694
1695,2024-10-31,1548500.0,failed,1,1695
1696,2024-08-30,1869600.0,completed,1,1696
1697,2024-11-10,1630000.0,completed,1,1697
1698,2024-10-27,2560000.0,completed,4,1698
1699,2024-11-06,16435000.0,completed,3,1699
1700,2024-11-04,1554000.0,completed,2,1700
1701,2024-10-16,4550000.0,completed,2,1701
1702,2024-10-20,1630000.0,completed,3,1702
1703,2024-11-09,1052000.0,completed,3,1703
1704,2024-08-15,1941000.0,completed,2,1704
1705,2024-11-10,4176000.0,completed,2,1705
1706,2024-10-30,2652000.0,completed,3,1706
1707,2024-10-09,3052000.0,failed,4,1707
1708,2024-09-20,10656000.0,completed,4,1708
1709,2024-11-01,13436000.0,failed,4,1709
1710,2024-10-19,677000.0,completed,3,1710
1711,2024-11-11,1275000.0,completed,1,1711
1712,2024-11-13,2004000.0,failed,1,1712
1713,2024-11-08,17059000.0,completed,3,1713
1714,2024-09-13,29274000.0,failed,2,1714
1715,2024-07-31,5673000.0,completed,2,1715
1716,2024-05-21,6052000.0,completed,3,1716
1717,2024-10-23,1310000.0,completed,2,1717
1718,2024-07-07,3006000.0,completed,2,1718
1719,2024-11-09,3000000.0,completed,1,1719
1720,2024-11-03,2172000.0,completed,3,1720
1721,2024-11-13,611000.0,completed,4,1721
1722,2024-08-10,2037000.0,completed,2,1722
1723,2024-10-25,1926000.0,completed,4,1723
1724,2024-11-13,38446000.0,completed,2,1724
1725,2024-08-09,2028000.0,completed,3,1725
1726,2024-10-25,2192000.0,completed,2,1726
1727,2024-11-06,5520000.0,completed,2,1727
1728,2024-11-01,526000.0,completed,4,1728
1729,2024-11-13,5058000.0,completed,4,1729
1730,2024-09-29,2772000.0,completed,2,1730
1731,2024-09-06,2566900.0,completed,2,1731
1732,2024-11-12,23472000.0,completed,2,1732
1733,2024-09-30,2037000.0,completed,3,1733
1734,2024-11-08,1682000.0,failed,3,1734
1735,2024-10-06,1578000.0,failed,3,1735
1736,2024-07-31,4335000.0,completed,1,1736
1737,2024-11-09,1576000.0,completed,3,1737
1738,2024-06-22,3660000.0,completed,3,1738
1739,2024-07-27,3260000.0,completed,2,1739
1740,2024-11-13,1578000.0,completed,1,1740
1741,2024-11-10,5697000.0,completed,2,1741
1742,2024-10-16,4890000.0,completed,3,1742
1743,2024-10-29,8380000.0,failed,1,1743
1744,2024-10-26,2604000.0,completed,4,1744
1745,2024-10-25,2056000.0,completed,4,1745
1746,2024-04-15,1420000.0,completed,3,1746
1747,2024-11-03,808000.0,completed,3,1747
1748,2024-05-02,8133000.0,failed,4,1748
1749,2024-11-13,1890000.0,completed,3,1749
1750,2024-10-23,1864800.0,failed,2,1750
1751,2024-11-06,4391000.0,completed,1,1751
1752,2024-09-26,4071000.0,completed,3,1752
1753,2024-10-30,2013000.0,completed,1,1753
1754,2024-11-11,1328000.0,completed,2,1754
1755,2024-09-22,3288000.0,completed,1,1755
1756,2024-09-02,3789000.0,completed,1,1756
1757,2024-11-08,20847000.0,completed,1,1757
1758,2024-10-20,23567000.0,completed,4,1758
1759,2024-09-19,631000.0,completed,4,1759
1760,2024-10-20,68337000.0,completed,1,1760
1761,2024-09-18,3548000.0,completed,4,1761
1762,2024-10-06,5156000.0,completed,3,1762
1763,2024-09-25,803000.0,completed,4,1763
1764,2024-11-11,2744000.0,completed,3,1764
1765,2024-07-12,2058000.0,completed,4,1765
1766,2024-11-11,1384150.0,completed,3,1766
1767,2024-08-31,4401000.0,failed,1,1767
1768,2024-11-13,1064000.0,completed,3,1768
1769,2024-08-14,3027600.0,completed,2,1769
1770,2024-10-15,2262000.0,completed,2,1770
1771,2024-11-03,510000.0,completed,2,1771
1772,2024-06-07,1965000.0,completed,2,1772
1773,2024-11-11,2768300.0,completed,4,1773
1774,2024-10-24,3417000.0,completed,3,1774
1775,2024-09-26,2428000.0,completed,4,1775
1776,2024-09-24,2013000.0,completed,3,1776
1777,2024-08-18,4550000.0,completed,3,1777
1778,2024-06-22,1516200.0,completed,3,1778
1779,2024-11-05,516000.0,completed,3,1779
1780,2024-11-02,11497000.0,completed,2,1780
1781,2024-11-13,1578000.0,completed,1,1781
1782,2024-11-07,846000.0,completed,2,1782
1783,2024-09-01,650000.0,completed,1,1783
1784,2024-11-13,671000.0,completed,2,1784
1785,2024-09-27,1052000.0,completed,2,1785
1786,2024-08-31,2403000.0,completed,2,1786
1787,2024-10-26,2311000.0,completed,1,1787
1788,2024-09-30,617000.0,failed,1,1788
1789,2024-11-13,1578000.0,completed,1,1789
1790,2024-09-16,5673000.0,failed,4,1790
1791,2024-06-16,16062000.0,completed,3,1791
1792,2024-09-08,2292000.0,completed,2,1792
1793,2024-10-18,4742000.0,failed,2,1793
1794,2024-11-13,4408000.0,completed,4,1794
1795,2024-10-05,1899000.0,completed,2,1795
1796,2024-10-18,6081000.0,completed,2,1796
1797,2024-11-05,12366000.0,completed,1,1797
1798,2024-10-07,1578000.0,failed,1,1798
1799,2024-11-10,1630000.0,completed,3,1799
